{"cameraMode":{"drawMode":0,"name":"Shaded","section":"Shading Mode"},"sceneLighting":true,"audioPlay":false,"sceneViewState":{"showFog":true,"showMaterialUpdate":false,"showSkybox":true,"showFlares":true,"showImageEffects":true,"showParticleSystems":true},"in2DMode":false,"pivot":{"x":1.653177261352539,"y":-6.246159076690674,"z":-6.439087867736816},"rotation":{"x":-0.13794222474098206,"y":-0.42398542165756228,"z":0.06551674008369446,"w":-0.8927075266838074},"size":11.022141456604004,"orthographic":false}