{"cameraMode":{"drawMode":0,"name":"Shaded","section":"Shading Mode"},"sceneLighting":true,"audioPlay":false,"sceneViewState":{"showFog":true,"showMaterialUpdate":false,"showSkybox":true,"showFlares":true,"showImageEffects":true,"showParticleSystems":true},"in2DMode":false,"pivot":{"x":-3.006734848022461,"y":-2.7530837059020998,"z":1.0267229080200196},"rotation":{"x":-0.13794222474098206,"y":-0.42398542165756228,"z":0.06551674008369446,"w":-0.8927075266838074},"size":9.909456253051758,"orthographic":false}